{
    "modules": [
        {
            "config": {
                "position": [
                    131,
                    173
                ]
            },
            "name": "New Model Object",
            "value": {
                "actionGroup": {
                    "_default0_list": true,
                    "_default1_show": true,
                    "_default2_new_create": true,
                    "_default3_edit_update": true,
                    "_default4_delete": true,
                    "customActions": []
                },
                "name": "Servicio",
                "objectsettings": {
                    "addDeletedField": true,
                    "addHiddenField": true,
                    "addStarttimeEndtimeFields": true,
                    "aggregateRoot": true,
                    "categorizable": false,
                    "description": "",
                    "mapToTable": "",
                    "parentClass": "",
                    "sorting": false,
                    "type": "Entity",
                    "uid": "1562031465280"
                },
                "propertyGroup": {
                    "properties": [
                        {
                            "allowedFileTypes": "",
                            "maxItems": "1",
                            "propertyDescription": "",
                            "propertyIsExcludeField": true,
                            "propertyIsRequired": false,
                            "propertyName": "nombre",
                            "propertyType": "String",
                            "uid": "194958096242"
                        },
                        {
                            "allowedFileTypes": "",
                            "maxItems": "1",
                            "propertyDescription": "",
                            "propertyIsExcludeField": true,
                            "propertyIsRequired": false,
                            "propertyName": "costo",
                            "propertyType": "String",
                            "uid": "159721320683"
                        },
                        {
                            "allowedFileTypes": "",
                            "maxItems": "1",
                            "propertyDescription": "",
                            "propertyIsExcludeField": true,
                            "propertyIsRequired": false,
                            "propertyName": "disponibilidad",
                            "propertyType": "String",
                            "uid": "1048478670507"
                        }
                    ]
                },
                "relationGroup": {
                    "relations": []
                }
            }
        }
    ],
    "properties": {
        "backendModules": [],
        "description": "",
        "emConf": {
            "category": "plugin",
            "custom_category": "",
            "dependsOn": "typo3 => 8.6.0-8.7.99\n",
            "disableLocalization": false,
            "disableVersioning": false,
            "skipGenerateDocumentationTemplate": false,
            "sourceLanguage": "en",
            "state": "alpha",
            "targetVersion": "8.6.0-8.7.99",
            "version": "1.0.0"
        },
        "extensionKey": "servicio",
        "name": "EjemploServicio",
        "originalExtensionKey": "",
        "originalVendorName": "",
        "persons": [],
        "plugins": [
            {
                "actions": {
                    "controllerActionCombinations": "Servicio=>list,show,new,create,edit,update,delete",
                    "noncacheableActions": "Servicio=>list,show,new,create,edit,update,delete",
                    "switchableActions": ""
                },
                "key": "servicio",
                "name": "Servicio"
            }
        ],
        "vendorName": "Pablo"
    },
    "wires": [],
    "log": {
        "last_modified": "2020-09-27 09:55",
        "extension_builder_version": "8.6.1",
        "be_user": " (1)"
    }
}